-- Populate the product categories table
INSERT INTO fosit_ecommerce_store.product_categories (id,name,description,created_at,modified_at) VALUES
	 ('0b7975c6-eea2-4975-b809-d9ffeb489663','Electronics','Electronics products','2023-10-05 12:21:08.195739','2023-10-05 12:21:08.195739'),
	 ('1a4cc9bc-6500-47ca-a28d-4432b6c5cd5c','Apparel','Apparel products','2023-10-05 12:21:08.195739','2023-10-05 12:21:08.195739'),
	 ('1a65f096-aa1f-44bb-83ff-38a44ee7d40e','Books & Music','Books & music products','2023-10-05 12:21:08.195739','2023-10-05 12:21:08.195739'),
	 ('1bda63d6-a05d-4ee5-8016-f524e05eed95','Sports & Outdoors','Sports & outdoors products','2023-10-05 12:21:08.195739','2023-10-05 12:21:08.195739');


-- Populate the products table
INSERT INTO fosit_ecommerce_store.products (id,category_id,name,description,price,created_at,modified_at,low_stock_alert_threshold) VALUES
	 ('09c01e0d-7b17-4e3a-a2f5-6e328c361ea1','0b7975c6-eea2-4975-b809-d9ffeb489663','Headphones','Wireless headphones with noise-cancelling technology.',149.99,'2023-10-05 03:02:58.928554','2023-10-05 03:02:58.928554',10),
	 ('1c8c8e25-9e1b-4a53-8e7d-19e3e685745c','1a65f096-aa1f-44bb-83ff-38a44ee7d40e','Biography','An inspiring biography of a remarkable individual.',19.99,'2023-10-05 03:02:58.928554','2023-10-05 03:02:58.928554',10),
	 ('38af5cf1-076b-4323-b605-38a1aa23cd92','1bda63d6-a05d-4ee5-8016-f524e05eed95','Soccer Ball','A high-quality soccer ball for the beautiful game.',19.99,'2023-10-05 03:02:58.928554','2023-10-05 03:02:58.928554',10),
	 ('38fe872d-1b1f-41a3-8896-02bde4f7e860','0b7975c6-eea2-4975-b809-d9ffeb489663','Router','A high-speed router for seamless internet connectivity.',129.99,'2023-10-05 03:02:58.928554','2023-10-05 03:02:58.928554',10),
	 ('4315c5c0-7a32-474d-a52d-8e2a49a1ed88','0b7975c6-eea2-4975-b809-d9ffeb489663','Gaming Console','The latest gaming console for immersive gaming experiences.',449.99,'2023-10-05 03:02:58.928554','2023-10-05 03:02:58.928554',10),
	 ('5efb949d-9b4c-4f1f-8d14-8b7d35ce4e65','1a65f096-aa1f-44bb-83ff-38a44ee7d40e','Science Fiction','A captivating science fiction novel for futuristic adventures.',16.99,'2023-10-05 03:02:58.928554','2023-10-05 03:02:58.928554',10),
	 ('5f0c16dd-6481-4b23-82f2-aa682572c10c','1a65f096-aa1f-44bb-83ff-38a44ee7d40e','Novel','A captivating novel for book lovers.',14.99,'2023-10-05 03:02:58.928554','2023-10-05 03:02:58.928554',10),
	 ('65c076c7-d1b6-43d2-a2c5-9a9386721e04','0b7975c6-eea2-4975-b809-d9ffeb489663','4K TV','A 4K Ultra HD TV with stunning visuals for your home theater.',799.99,'2023-10-05 03:02:58.928554','2023-10-05 03:02:58.928554',10),
	 ('6830cb18-6f8a-41f4-8964-5d61c5e490ef','1a4cc9bc-6500-47ca-a28d-4432b6c5cd5c','Yoga Mat','A non-slip yoga mat for your daily practice.',29.99,'2023-10-05 03:02:58.928554','2023-10-05 03:02:58.928554',10),
	 ('68ec5edf-9ed6-44c1-9384-abbab249d55d','1a4cc9bc-6500-47ca-a28d-4432b6c5cd5c','Hiking Boots','Durable hiking boots for exploring the great outdoors.',79.99,'2023-10-05 03:02:58.928554','2023-10-05 03:02:58.928554',10),
	 ('70e77a9a-00ec-42cd-9800-8ed9d6c0e76d','1a4cc9bc-6500-47ca-a28d-4432b6c5cd5c','Sweater','A cozy sweater to keep you warm in style.',59.99,'2023-10-05 03:02:58.928554','2023-10-05 03:02:58.928554',10),
	 ('779a20f9-0073-4054-a06a-0c5b8377dbbc','1a4cc9bc-6500-47ca-a28d-4432b6c5cd5c','Dress','A beautiful dress for special occasions.',79.99,'2023-10-05 03:02:58.928554','2023-10-05 03:02:58.928554',10),
	 ('80dab1e3-5bf9-4f8a-b205-12ce761f22ff','1a4cc9bc-6500-47ca-a28d-4432b6c5cd5c','Running Shoes','Running shoes designed for comfort and performance.',49.99,'2023-10-05 03:02:58.928554','2023-10-05 03:02:58.928554',10),
	 ('8cf44a86-d2f3-4db3-b183-2aa1fe1d47c0','0b7975c6-eea2-4975-b809-d9ffeb489663','Laptop','A high-performance laptop for work and entertainment.',999.99,'2023-10-05 03:02:58.928554','2023-10-05 03:02:58.928554',10),
	 ('8dc22a22-1123-42e2-8e8b-9ed02a8d4f1e','1a4cc9bc-6500-47ca-a28d-4432b6c5cd5c','Ski Gear','Ski gear for your winter adventures on the slopes.',299.99,'2023-10-05 03:02:58.928554','2023-10-05 03:02:58.928554',10),
	 ('8e8ef472-cc6a-4f48-9ebd-81c983c7e3dd','1a4cc9bc-6500-47ca-a28d-4432b6c5cd5c','Jeans','Classic jeans that fit well and look great.',49.99,'2023-10-05 03:02:58.928554','2023-10-05 03:02:58.928554',10),
	 ('a24ed875-ff9a-4d85-9c04-1f5a080be4aa','0b7975c6-eea2-4975-b809-d9ffeb489663','Smart Speaker','A voice-controlled smart speaker with built-in virtual assistant.',79.99,'2023-10-05 03:02:58.928554','2023-10-05 03:02:58.928554',10),
	 ('a4cf8993-5831-4313-a2a5-2c5b8c894a11','1bda63d6-a05d-4ee5-8016-f524e05eed95','Basketball','A basketball designed for precision and control.',29.99,'2023-10-05 03:02:58.928554','2023-10-05 03:02:58.928554',10),
	 ('a8f34699-b034-4e63-8701-3d3e43283cd3','1a65f096-aa1f-44bb-83ff-38a44ee7d40e','Cookbook','A cookbook with delicious recipes to try at home.',24.99,'2023-10-05 03:02:58.928554','2023-10-05 03:02:58.928554',10),
	 ('abac0e3b-39e1-4a9c-b8f7-ec6f2b95a325','0b7975c6-eea2-4975-b809-d9ffeb489663','Smartwatch','A smartwatch that tracks fitness and connects to your smartphone.',199.99,'2023-10-05 03:02:58.928554','2023-10-05 03:02:58.928554',10),
	 ('b3ec6d8b-800e-4785-b472-b2edf17dab27','1a65f096-aa1f-44bb-83ff-38a44ee7d40e','Mystery Thriller','A gripping mystery thriller novel for suspense enthusiasts.',12.99,'2023-10-05 03:02:58.928554','2023-10-05 03:02:58.928554',10),
	 ('bcde3aa9-8a5e-4319-b27a-75a6c70dd7ea','0b7975c6-eea2-4975-b809-d9ffeb489663','Camera','A DSLR camera with interchangeable lenses for photography enthusiasts.',799.99,'2023-10-05 03:02:58.928554','2023-10-05 03:02:58.928554',10),
	 ('be646271-70e3-47a0-96bf-43f489aeb542','1bda63d6-a05d-4ee5-8016-f524e05eed95','Tennis Racket','A quality tennis racket for your matches.',69.99,'2023-10-05 03:02:58.928554','2023-10-05 03:02:58.928554',10),
	 ('c981bf20-d819-4f8a-9820-5835f843c001','0b7975c6-eea2-4975-b809-d9ffeb489663','Smartphone','The latest smartphone with a high-resolution display and powerful camera.',599.99,'2023-10-05 03:02:58.928554','2023-10-05 03:02:58.928554',10),
	 ('d0edf6d2-94be-4e85-82c2-ec132cbf651d','1bda63d6-a05d-4ee5-8016-f524e05eed95','Camping Tent','A spacious camping tent for outdoor adventures.',149.99,'2023-10-05 03:02:58.928554','2023-10-05 03:02:58.928554',10);


-- Populate the inventory table
INSERT INTO fosit_ecommerce_store.inventory (id,product_id,quantity_change,running_total,created_at,modified_at) VALUES
	 ('013782d2-cce0-4c84-bfbb-d9dbb73b123d','a4cf8993-5831-4313-a2a5-2c5b8c894a11',-9,160,'2023-10-01 14:33:59.287711','2023-10-05 14:33:59.287655'),
	 ('0231c851-79dd-43a5-80b9-9bb45bf8e3b1','38fe872d-1b1f-41a3-8896-02bde4f7e860',-4,72,'2023-09-05 14:30:33.287839','2023-10-05 14:30:33.287856'),
	 ('0265eeed-65ca-4351-a449-1752108f6d3b','38fe872d-1b1f-41a3-8896-02bde4f7e860',-2,44,'2023-09-05 14:30:37.615946','2023-10-05 14:30:37.615966'),
	 ('029629c9-7eea-4ad7-bd4f-dd2105dabf1d','09c01e0d-7b17-4e3a-a2f5-6e328c361ea1',-10,473,'2023-10-05 14:28:26.021745','2023-10-05 14:28:26.021759'),
	 ('03bd6567-135b-4409-862c-d73a715fd528','38fe872d-1b1f-41a3-8896-02bde4f7e860',-2,8,'2023-09-04 14:30:41.285361','2023-10-05 14:30:41.285380'),
	 ('06f73aca-3e3a-488e-9ba7-b8818f952036','a4cf8993-5831-4313-a2a5-2c5b8c894a11',-13,244,'2023-10-02 14:33:50.229232','2023-10-05 14:33:50.229219'),
	 ('07737b83-70fb-43ad-bd4f-70b772a0d768','09c01e0d-7b17-4e3a-a2f5-6e328c361ea1',-10,990,'2023-10-05 14:27:15.676931','2023-10-05 14:27:15.676976'),
	 ('09bec58c-8d8b-4c93-b928-6305337f436f','a4cf8993-5831-4313-a2a5-2c5b8c894a11',-9,169,'2023-10-03 14:33:59.132034','2023-10-05 14:33:59.132019'),
	 ('0a9b69e5-e5e0-43f8-91d7-4a135e428e04','09c01e0d-7b17-4e3a-a2f5-6e328c361ea1',-20,763,'2023-10-05 14:28:20.624259','2023-10-05 14:28:20.624273'),
	 ('0fbef43f-875b-4bb1-b9eb-0dd94d322f63','38fe872d-1b1f-41a3-8896-02bde4f7e860',-2,12,'2023-09-02 14:30:40.876692','2023-10-05 14:30:40.876721'),
	 ('11b9c380-feb8-4f1e-994b-eafd012838dd','a8f34699-b034-4e63-8701-3d3e43283cd3',-6,28,'2023-10-05 14:32:24.081738','2023-10-05 14:32:24.081764'),
	 ('1467909f-737c-41b0-bfbe-584f86bff9ee','38fe872d-1b1f-41a3-8896-02bde4f7e860',-8,108,'2023-09-02 14:30:28.230217','2023-10-05 14:30:28.230235'),
	 ('14d3d3a1-ebf0-4f2a-a724-9706c26ba9d8','a4cf8993-5831-4313-a2a5-2c5b8c894a11',-13,231,'2023-10-04 14:33:50.389515','2023-10-05 14:33:50.389498'),
	 ('1580a128-1bcf-4e78-9e84-6e3323c3c439','09c01e0d-7b17-4e3a-a2f5-6e328c361ea1',-15,8,'2023-10-05 14:28:38.886912','2023-10-05 14:28:38.886925'),
	 ('15cfbcb2-e968-4fd0-bdc3-1bb2450ba5fa','38fe872d-1b1f-41a3-8896-02bde4f7e860',-2,16,'2023-09-03 14:30:40.071369','2023-10-05 14:30:40.071386'),
	 ('17c03342-7f4b-434c-9e26-f30193448350','09c01e0d-7b17-4e3a-a2f5-6e328c361ea1',-13,856,'2023-10-05 14:28:12.738161','2023-10-05 14:28:12.738180'),
	 ('18119a44-1334-4843-8b61-2a8b2ea5274d','38fe872d-1b1f-41a3-8896-02bde4f7e860',-4,60,'2023-09-03 14:30:33.687293','2023-10-05 14:30:33.687309'),
	 ('18779574-7874-49c0-8f1a-943c6d167a41','38fe872d-1b1f-41a3-8896-02bde4f7e860',-10,160,'2023-09-04 14:30:23.096243','2023-10-05 14:30:23.096257'),
	 ('1a82e51e-686d-480c-8c74-55f41622fb50','b3ec6d8b-800e-4785-b472-b2edf17dab27',-1,85,'2023-10-05 14:33:01.663992','2023-10-05 14:33:01.664011'),
	 ('1b218a27-fcb4-461d-a95c-5eb5a2e0a8bf','38fe872d-1b1f-41a3-8896-02bde4f7e860',-4,96,'2023-09-05 14:30:31.613127','2023-10-05 14:30:31.613152'),
	 ('1f86e2a1-753a-4c6b-86f3-a43d9ebad74e','09c01e0d-7b17-4e3a-a2f5-6e328c361ea1',-20,803,'2023-10-05 14:28:20.287827','2023-10-05 14:28:20.287841'),
	 ('2269175c-5401-46cf-b0db-aa76cb72ec1d','38fe872d-1b1f-41a3-8896-02bde4f7e860',-2,20,'2023-08-05 14:30:39.697315','2023-10-05 14:30:39.697330'),
	 ('2322a8c0-afe3-4665-8399-c6bbbe8e744f','b3ec6d8b-800e-4785-b472-b2edf17dab27',-11,87,'2023-10-05 14:32:58.966152','2023-10-05 14:32:58.966158'),
	 ('23793d95-e977-4dc9-b2dc-0f3998f9e052','a8f34699-b034-4e63-8701-3d3e43283cd3',-6,40,'2023-10-05 14:32:23.747474','2023-10-05 14:32:23.747491'),
	 ('23955372-8f05-4f1a-9cb0-c0ed98e4358a','b3ec6d8b-800e-4785-b472-b2edf17dab27',-6,23,'2023-10-05 14:33:06.970591','2023-10-05 14:33:06.970610'),
	 ('23a46257-83ae-42a1-b9ae-9c0435516a79','a4cf8993-5831-4313-a2a5-2c5b8c894a11',-30,270,'2023-10-05 14:33:46.151794','2023-10-05 14:33:46.151775'),
	 ('253fb4e0-f921-42ff-ba73-938ec5270206','09c01e0d-7b17-4e3a-a2f5-6e328c361ea1',-20,743,'2023-10-05 14:28:20.784044','2023-10-05 14:28:20.784057'),
	 ('256a467b-1fe7-4aec-9a09-62d1a7ef4e82','38fe872d-1b1f-41a3-8896-02bde4f7e860',-2,18,'2023-08-04 14:30:39.865073','2023-10-05 14:30:39.865093'),
	 ('263cb065-c44e-4bd3-ab96-965fd7530da2','38fe872d-1b1f-41a3-8896-02bde4f7e860',-4,80,'2023-08-04 14:30:32.956586','2023-10-05 14:30:32.956602'),
	 ('29d30f7e-a758-43cd-af29-c0d416941057','38fe872d-1b1f-41a3-8896-02bde4f7e860',-8,132,'2023-08-04 14:30:27.621957','2023-10-05 14:30:27.621977'),
	 ('2cf90fe3-234f-4778-a259-71dd729987f9','09c01e0d-7b17-4e3a-a2f5-6e328c361ea1',-15,38,'2023-10-05 14:28:38.544458','2023-10-05 14:28:38.544474'),
	 ('30c4792c-0795-40a9-b29f-b7f8ca159e1d','b3ec6d8b-800e-4785-b472-b2edf17dab27',-6,41,'2023-10-05 14:33:06.464775','2023-10-05 14:33:06.464808'),
	 ('31041a1c-87c4-46df-a086-2ff03bee19ea','38fe872d-1b1f-41a3-8896-02bde4f7e860',-2,4,'2023-08-03 14:30:42.357808','2023-10-05 14:30:42.357833'),
	 ('31ac5dd5-f99c-4e8d-9203-52bfa4016187','09c01e0d-7b17-4e3a-a2f5-6e328c361ea1',-20,523,'2023-10-05 14:28:22.652221','2023-10-05 14:28:22.652242'),
	 ('31f533ad-0bfd-4975-9e0e-66bae4a71002','b3ec6d8b-800e-4785-b472-b2edf17dab27',-6,77,'2023-10-05 14:33:04.580329','2023-10-05 14:33:04.580349'),
	 ('35522f6b-6eba-44fd-afaf-940e9d9c1a3f','09c01e0d-7b17-4e3a-a2f5-6e328c361ea1',-15,173,'2023-10-05 14:28:36.887125','2023-10-05 14:28:36.887140'),
	 ('3597fc83-b36f-4598-8e58-4b021ea895e8','a8f34699-b034-4e63-8701-3d3e43283cd3',-8,76,'2023-10-05 14:32:11.635455','2023-10-05 14:32:11.635472'),
	 ('36873ef1-613b-417a-be1d-b4a6937a6834','b3ec6d8b-800e-4785-b472-b2edf17dab27',-6,17,'2023-10-05 14:33:07.149466','2023-10-05 14:33:07.149493'),
	 ('398db4d4-f4e1-424d-8b6d-3aa988bfcf47','09c01e0d-7b17-4e3a-a2f5-6e328c361ea1',-103,869,'2023-10-05 14:28:08.807158','2023-10-05 14:28:08.807173'),
	 ('3a514d12-81a4-412d-a175-1eb7dba9c50d','09c01e0d-7b17-4e3a-a2f5-6e328c361ea1',-33,823,'2023-10-05 14:28:16.044014','2023-10-05 14:28:16.044034'),
	 ('3bd0c33c-f94a-4a68-abba-3505c6330626','38fe872d-1b1f-41a3-8896-02bde4f7e860',-4,64,'2023-09-05 14:30:33.585236','2023-10-05 14:30:33.585257'),
	 ('3de4e437-d0a8-4f8e-a74c-6749d275fcb5','a8f34699-b034-4e63-8701-3d3e43283cd3',-6,46,'2023-10-05 14:32:23.546871','2023-10-05 14:32:23.546889'),
	 ('3ed816f5-9b7b-4d91-b15d-a5b27751d106','09c01e0d-7b17-4e3a-a2f5-6e328c361ea1',-10,383,'2023-10-05 14:28:27.422822','2023-10-05 14:28:27.422828'),
	 ('3fe263bb-a067-47cd-a75c-83c2e232d170','38fe872d-1b1f-41a3-8896-02bde4f7e860',-2,26,'2023-09-04 14:30:39.036493','2023-10-05 14:30:39.036510'),
	 ('410d7927-542e-418b-9bd1-154e2cf05c17','a4cf8993-5831-4313-a2a5-2c5b8c894a11',-13,257,'2023-10-01 14:33:50.064636','2023-10-05 14:33:50.064623'),
	 ('41c1e3f2-21e2-4c11-a497-2a20a6e696e4','09c01e0d-7b17-4e3a-a2f5-6e328c361ea1',-10,233,'2023-10-05 14:28:29.963232','2023-10-05 14:28:29.963248'),
	 ('41e1ecd1-8817-4bd3-b4d7-8f44b8783ce2','a4cf8993-5831-4313-a2a5-2c5b8c894a11',-22,209,'2023-10-02 14:33:54.096749','2023-10-05 14:33:54.096733'),
	 ('428d9839-c128-4333-877b-a6b8a6d30f30','09c01e0d-7b17-4e3a-a2f5-6e328c361ea1',-10,393,'2023-10-05 14:28:27.346494','2023-10-05 14:28:27.346518'),
	 ('42a5ef4c-0375-412c-b909-8ced13da3d78','38fe872d-1b1f-41a3-8896-02bde4f7e860',-4,56,'2023-09-02 14:30:33.848968','2023-10-05 14:30:33.848992'),
	 ('42bb3150-c123-4d77-a37d-41fb7bc77de1','09c01e0d-7b17-4e3a-a2f5-6e328c361ea1',-10,413,'2023-10-05 14:28:26.998000','2023-10-05 14:28:26.998027'),
	 ('432fb8b7-9171-452b-a547-76020ae2134b','a4cf8993-5831-4313-a2a5-2c5b8c894a11',-6,63,'2023-10-03 14:34:11.151117','2023-10-05 14:34:11.151095'),
	 ('455050de-7423-4a9e-935c-ad642b440aef','09c01e0d-7b17-4e3a-a2f5-6e328c361ea1',-10,343,'2023-10-05 14:28:28.053411','2023-10-05 14:28:28.053428'),
	 ('46a3d9fb-92c7-4d61-97d8-821e7c2972b4','09c01e0d-7b17-4e3a-a2f5-6e328c361ea1',-15,158,'2023-10-05 14:28:37.062639','2023-10-05 14:28:37.062682'),
	 ('46c713c2-8c01-45ae-bbb7-fa53995ab58d','38fe872d-1b1f-41a3-8896-02bde4f7e860',-2,14,'2023-09-03 14:30:40.716439','2023-10-05 14:30:40.716456'),
	 ('473a794b-f50a-402e-a6e1-aae46457b895','38fe872d-1b1f-41a3-8896-02bde4f7e860',-2,28,'2023-09-03 14:30:38.880561','2023-10-05 14:30:38.880590'),
	 ('47db04b1-bb40-4f66-93ba-72e4360ad189','a8f34699-b034-4e63-8701-3d3e43283cd3',-1,54,'2023-10-05 14:32:20.215818','2023-10-05 14:32:20.215833'),
	 ('48496a77-4d4f-46b8-896d-c712e298de49','38fe872d-1b1f-41a3-8896-02bde4f7e860',-2,34,'2023-09-02 14:30:38.407202','2023-10-05 14:30:38.407216'),
	 ('491c8038-a721-460b-b44b-da5a74f64381','09c01e0d-7b17-4e3a-a2f5-6e328c361ea1',-10,453,'2023-10-05 14:28:26.343792','2023-10-05 14:28:26.343809'),
	 ('4a634529-fa44-4d79-96cc-a1c7674bd813','38fe872d-1b1f-41a3-8896-02bde4f7e860',-4,88,'2023-09-01 14:30:32.015892','2023-10-05 14:30:32.015912'),
	 ('4c19b705-fc40-477c-bf14-5a341e58deee','09c01e0d-7b17-4e3a-a2f5-6e328c361ea1',-10,323,'2023-10-05 14:28:28.375593','2023-10-05 14:28:28.375607'),
	 ('4e287d50-a694-4677-acbc-acaf16a76fac','38fe872d-1b1f-41a3-8896-02bde4f7e860',-4,92,'2023-10-04 14:30:31.833349','2023-10-05 14:30:31.833367'),
	 ('513cf63d-05f7-463c-a13c-679a95a86be5','38fe872d-1b1f-41a3-8896-02bde4f7e860',-2,32,'2023-10-03 14:30:38.563011','2023-10-05 14:30:38.563040'),
	 ('54d868b4-0f04-46b3-9e8a-d26a969e47c1','a4cf8993-5831-4313-a2a5-2c5b8c894a11',-6,75,'2023-09-05 14:34:10.816527','2023-10-05 14:34:10.816509'),
	 ('55644634-6b2c-4579-bf70-68926090c04d','09c01e0d-7b17-4e3a-a2f5-6e328c361ea1',-20,683,'2023-10-05 14:28:21.273632','2023-10-05 14:28:21.273648'),
	 ('59d8c079-810a-432c-bc9e-267a465929f3','38fe872d-1b1f-41a3-8896-02bde4f7e860',-2,6,'2023-10-01 14:30:41.438890','2023-10-05 14:30:41.438907'),
	 ('5ba8aa0f-f730-445b-9d04-2181fe0e27cd','a8f34699-b034-4e63-8701-3d3e43283cd3',-1,53,'2023-10-05 14:32:20.375244','2023-10-05 14:32:20.375265'),
	 ('5c23a8f9-bf40-42f3-b022-9e89cf4b58c6','a4cf8993-5831-4313-a2a5-2c5b8c894a11',-6,45,'2023-09-01 14:34:12.188866','2023-10-05 14:34:12.188853'),
	 ('5c76273a-baeb-4bb9-9ed7-98625235be13','09c01e0d-7b17-4e3a-a2f5-6e328c361ea1',-20,723,'2023-10-05 14:28:20.938519','2023-10-05 14:28:20.938536'),
	 ('5f84560a-e687-4daf-964e-0cf59f2d3a87','a8f34699-b034-4e63-8701-3d3e43283cd3',-6,34,'2023-10-05 14:32:23.904987','2023-10-05 14:32:23.905011'),
	 ('61be0201-c89c-4ae9-9a2e-01d1643f92b8','09c01e0d-7b17-4e3a-a2f5-6e328c361ea1',-10,313,'2023-10-05 14:28:28.549222','2023-10-05 14:28:28.549246'),
	 ('620b5f74-8277-4e7f-9b20-71ec368c6b87','a8f34699-b034-4e63-8701-3d3e43283cd3',-3,56,'2023-10-05 14:32:15.866812','2023-10-05 14:32:15.866829'),
	 ('62af8350-3db0-4e9b-828e-f06b81988df7','a8f34699-b034-4e63-8701-3d3e43283cd3',-3,59,'2023-10-05 14:32:15.668415','2023-10-05 14:32:15.668442'),
	 ('643e7129-7ec0-4a38-92ae-da963534b021','09c01e0d-7b17-4e3a-a2f5-6e328c361ea1',-10,203,'2023-10-05 14:28:30.485749','2023-10-05 14:28:30.485778'),
	 ('64992c8e-78a4-4435-af79-2f1f43a25096','b3ec6d8b-800e-4785-b472-b2edf17dab27',-1,83,'2023-10-05 14:33:01.991314','2023-10-05 14:33:01.991331'),
	 ('66e4d36f-3165-4d6e-91c3-59296c7b9ccd','b3ec6d8b-800e-4785-b472-b2edf17dab27',-6,47,'2023-10-05 14:33:06.305525','2023-10-05 14:33:06.305557'),
	 ('671fd51b-5cf0-49e1-ba98-4d017e78c69c','09c01e0d-7b17-4e3a-a2f5-6e328c361ea1',-10,253,'2023-10-05 14:28:29.575068','2023-10-05 14:28:29.575086'),
	 ('6b4340d9-986e-4c1b-9008-9e6cf9f93bb0','09c01e0d-7b17-4e3a-a2f5-6e328c361ea1',-20,503,'2023-10-05 14:28:22.817271','2023-10-05 14:28:22.817288'),
	 ('6b60991c-e979-4ce5-8c3b-663bf4896cc9','a8f34699-b034-4e63-8701-3d3e43283cd3',-8,92,'2023-10-05 14:32:11.252463','2023-10-05 14:32:11.252484'),
	 ('6c66a879-69f3-4dcb-b93c-5a75794343df','09c01e0d-7b17-4e3a-a2f5-6e328c361ea1',-15,113,'2023-10-05 14:28:37.647525','2023-10-05 14:28:37.647538'),
	 ('6d0c8836-2a30-4be4-9742-4bd77e3c4b18','38fe872d-1b1f-41a3-8896-02bde4f7e860',-4,100,'2023-10-02 14:30:31.451370','2023-10-05 14:30:31.451391'),
	 ('718e2b37-f38e-4274-b255-3aa99b9df3c2','38fe872d-1b1f-41a3-8896-02bde4f7e860',-4,76,'2023-10-02 14:30:33.121265','2023-10-05 14:30:33.121282'),
	 ('74bf9a2b-197d-4af4-97cb-4c02bee27393','09c01e0d-7b17-4e3a-a2f5-6e328c361ea1',-10,283,'2023-10-05 14:28:29.051305','2023-10-05 14:28:29.051326'),
	 ('75bec9c9-0819-43e6-a9ef-52ff60d51ee7','09c01e0d-7b17-4e3a-a2f5-6e328c361ea1',-15,143,'2023-10-05 14:28:37.267447','2023-10-05 14:28:37.267464'),
	 ('770243b0-f5fa-4b48-94bb-38bf877ed069','38fe872d-1b1f-41a3-8896-02bde4f7e860',-2,46,'2023-10-03 14:30:37.462359','2023-10-05 14:30:37.462407'),
	 ('7704143e-5e0f-478e-b182-13a0403b3465','38fe872d-1b1f-41a3-8896-02bde4f7e860',-2,10,'2023-10-03 14:30:41.032110','2023-10-05 14:30:41.032124'),
	 ('789512ee-f2cf-4698-998f-be158e51c1fa','b3ec6d8b-800e-4785-b472-b2edf17dab27',-6,71,'2023-10-05 14:33:04.738113','2023-10-05 14:33:04.738137'),
	 ('7aca10af-be8e-4247-bfcd-7bbea53e5cc4','09c01e0d-7b17-4e3a-a2f5-6e328c361ea1',-10,273,'2023-10-05 14:28:29.236440','2023-10-05 14:28:29.236465'),
	 ('7bd7a2f6-508c-45ac-9b1d-158c1e1a81c9','09c01e0d-7b17-4e3a-a2f5-6e328c361ea1',-10,403,'2023-10-05 14:28:27.154831','2023-10-05 14:28:27.154874'),
	 ('7cb28588-b08f-4414-bf85-97c98a1ca9a7','b3ec6d8b-800e-4785-b472-b2edf17dab27',-6,59,'2023-10-05 14:33:05.085387','2023-10-05 14:33:05.085411'),
	 ('7e118461-f47b-4bbc-b344-57f914f6d9b2','b3ec6d8b-800e-4785-b472-b2edf17dab27',-15,120,'2023-10-05 14:32:54.966424','2023-10-05 14:32:54.966443'),
	 ('8210e7cc-f841-4e76-b95e-152ebc20acae','09c01e0d-7b17-4e3a-a2f5-6e328c361ea1',-20,543,'2023-10-05 14:28:22.468088','2023-10-05 14:28:22.468109'),
	 ('82a776bf-1d1e-4b5e-a749-e8e0b5d39a60','a4cf8993-5831-4313-a2a5-2c5b8c894a11',-22,187,'2023-09-02 14:33:54.253110','2023-10-05 14:33:54.253092'),
	 ('82db51cd-7e50-4769-bff9-dae198c36983','38fe872d-1b1f-41a3-8896-02bde4f7e860',-4,48,'2023-10-04 14:30:34.213768','2023-10-05 14:30:34.213782'),
	 ('8768a54a-da62-4c77-935a-4be98f7907b3','b3ec6d8b-800e-4785-b472-b2edf17dab27',-6,53,'2023-10-05 14:33:05.314870','2023-10-05 14:33:05.314895'),
	 ('87816441-ae1b-4ca9-bbd1-88586fbc9117','38fe872d-1b1f-41a3-8896-02bde4f7e860',-10,170,'2023-10-04 14:30:22.862242','2023-10-05 14:30:22.862259'),
	 ('8b140d19-e88e-4899-9d1a-c71a326b6e32','b3ec6d8b-800e-4785-b472-b2edf17dab27',-11,98,'2023-10-05 14:32:58.762834','2023-10-05 14:32:58.762857'),
	 ('8e4c98b5-1e0e-4a24-945d-9b3134f8b0e7','38fe872d-1b1f-41a3-8896-02bde4f7e860',-2,38,'2023-10-04 14:30:38.100956','2023-10-05 14:30:38.100976'),
	 ('92ddd779-25a3-4a76-951b-f4bfc405a88a','09c01e0d-7b17-4e3a-a2f5-6e328c361ea1',-1,972,'2023-10-05 14:28:03.100673','2023-10-05 14:28:03.100733'),
	 ('9395b6ef-f197-4dbb-868f-7a7cad43ca80','09c01e0d-7b17-4e3a-a2f5-6e328c361ea1',-10,213,'2023-10-05 14:28:30.299724','2023-10-05 14:28:30.299746'),
	 ('93f11834-3c69-4d44-b570-c4983f74658c','09c01e0d-7b17-4e3a-a2f5-6e328c361ea1',-15,128,'2023-10-05 14:28:37.467496','2023-10-05 14:28:37.467533'),
	 ('946122ca-ea79-4c33-913e-c1c1ea346955','09c01e0d-7b17-4e3a-a2f5-6e328c361ea1',-15,188,'2023-10-05 14:28:36.719194','2023-10-05 14:28:36.719223'),
	 ('94c62dab-e01f-4ee5-9955-c60057a2c017','b3ec6d8b-800e-4785-b472-b2edf17dab27',-1,84,'2023-10-05 14:33:01.826318','2023-10-05 14:33:01.826333'),
	 ('95930d2c-0e86-48e0-b8cd-1ecbee530b66','38fe872d-1b1f-41a3-8896-02bde4f7e860',-8,124,'2023-09-05 14:30:27.804411','2023-10-05 14:30:27.804453'),
	 ('9827ae69-1773-49c0-9b11-445f39afe4bf','b3ec6d8b-800e-4785-b472-b2edf17dab27',-6,35,'2023-10-05 14:33:06.630093','2023-10-05 14:33:06.630119'),
	 ('992baeb4-7524-48d4-8502-2e29343f1a52','38fe872d-1b1f-41a3-8896-02bde4f7e860',-2,22,'2023-09-05 14:30:39.523493','2023-10-05 14:30:39.523517'),
	 ('9a9f00c7-7bac-4921-a361-f5f46bd2f3ee','38fe872d-1b1f-41a3-8896-02bde4f7e860',-4,52,'2023-09-05 14:30:34.005963','2023-10-05 14:30:34.006003'),
	 ('9bc4ad9c-ee4d-40b2-8741-7fe4c60518f8','09c01e0d-7b17-4e3a-a2f5-6e328c361ea1',-15,83,'2023-10-05 14:28:38.016220','2023-10-05 14:28:38.016238'),
	 ('9bd3134c-e431-4738-b18a-455afc3376f5','09c01e0d-7b17-4e3a-a2f5-6e328c361ea1',-10,333,'2023-10-05 14:28:28.216076','2023-10-05 14:28:28.216102'),
	 ('9e2d75bc-3dc2-4d20-8e9d-73f1237c781e','38fe872d-1b1f-41a3-8896-02bde4f7e860',-4,104,'2023-08-05 14:30:31.284294','2023-10-05 14:30:31.284313'),
	 ('9f8bacea-25ea-4d17-8def-085b34ff7e5a','b3ec6d8b-800e-4785-b472-b2edf17dab27',-11,109,'2023-10-05 14:32:58.600197','2023-10-05 14:32:58.600224'),
	 ('a05dd6c9-8fd7-44c4-8241-4e308d80fc9e','09c01e0d-7b17-4e3a-a2f5-6e328c361ea1',-20,563,'2023-10-05 14:28:22.300645','2023-10-05 14:28:22.300668'),
	 ('a2c20a14-f4c9-412c-9b4a-51f202eecf8f','09c01e0d-7b17-4e3a-a2f5-6e328c361ea1',-10,293,'2023-10-05 14:28:28.881270','2023-10-05 14:28:28.881288'),
	 ('a528cc1a-29b6-477c-a34f-89a4dcd06bd9','38fe872d-1b1f-41a3-8896-02bde4f7e860',-10,180,'2023-08-01 14:30:22.681331','2023-10-05 14:30:22.681357'),
	 ('a91efe72-9354-4e53-b828-352b2bc21993','a8f34699-b034-4e63-8701-3d3e43283cd3',-3,65,'2023-10-05 14:32:15.300823','2023-10-05 14:32:15.300861'),
	 ('a93474da-43ec-47a5-851d-4c1ff63f9740','a8f34699-b034-4e63-8701-3d3e43283cd3',-1,55,'2023-10-05 14:32:19.997378','2023-10-05 14:32:19.997392'),
	 ('a94ec39f-f7ab-4df9-87e0-30081add1b33','09c01e0d-7b17-4e3a-a2f5-6e328c361ea1',-20,623,'2023-10-05 14:28:21.791498','2023-10-05 14:28:21.791512'),
	 ('a99d9f21-fee1-4d91-9b61-a6404417f22b','38fe872d-1b1f-41a3-8896-02bde4f7e860',200,200,'2023-07-05 14:30:16.254821','2023-10-05 14:30:16.254855'),
	 ('aabf225e-a099-4808-8f86-e8efa2ef6062','09c01e0d-7b17-4e3a-a2f5-6e328c361ea1',-20,663,'2023-10-05 14:28:21.468629','2023-10-05 14:28:21.468652'),
	 ('ac51a101-1467-42c3-8faf-b9bf0c451543','38fe872d-1b1f-41a3-8896-02bde4f7e860',-4,68,'2023-10-05 14:30:33.443797','2023-10-05 14:30:33.443819'),
	 ('acb3c328-6d07-4fa6-be74-4a1c03e3a076','a4cf8993-5831-4313-a2a5-2c5b8c894a11',-13,107,'2023-09-03 14:34:04.405759','2023-10-05 14:34:04.405730'),
	 ('ad0fbb69-1ace-4919-9c90-d6a738570136','a8f34699-b034-4e63-8701-3d3e43283cd3',100,100,'2023-10-05 14:32:04.401773','2023-10-05 14:32:04.401811'),
	 ('ae1ad170-61c7-4c60-8778-9e1cc79f4d0f','09c01e0d-7b17-4e3a-a2f5-6e328c361ea1',-20,603,'2023-10-05 14:28:21.949237','2023-10-05 14:28:21.949263'),
	 ('ae38a4e0-739b-440d-8bc8-b487baaa6fc2','38fe872d-1b1f-41a3-8896-02bde4f7e860',-10,140,'2023-09-05 14:30:23.580982','2023-10-05 14:30:23.581000'),
	 ('b1a891e0-0199-45d5-88e9-9c8a764c7100','b3ec6d8b-800e-4785-b472-b2edf17dab27',-1,86,'2023-10-05 14:33:01.498088','2023-10-05 14:33:01.498108'),
	 ('b3e255f0-5254-4f6c-8fd3-e054d2837408','a4cf8993-5831-4313-a2a5-2c5b8c894a11',-9,133,'2023-09-04 14:33:59.762278','2023-10-05 14:33:59.762258'),
	 ('b4ebfc0f-ab2b-4096-9e17-ec26be350101','09c01e0d-7b17-4e3a-a2f5-6e328c361ea1',1000,1000,'2023-10-05 14:26:59.909227','2023-10-05 14:26:59.909251'),
	 ('b68704a8-e9bb-4eb9-a553-33fd8f07645d','38fe872d-1b1f-41a3-8896-02bde4f7e860',-10,150,'2023-09-05 14:30:23.336943','2023-10-05 14:30:23.336963'),
	 ('b7ecceab-b824-4d8e-b45e-d8535faaf456','38fe872d-1b1f-41a3-8896-02bde4f7e860',-2,30,'2023-09-05 14:30:38.721643','2023-10-05 14:30:38.721669'),
	 ('ba35bb8a-4822-4d63-bdde-54d3b44c5187','a4cf8993-5831-4313-a2a5-2c5b8c894a11',300,300,'2023-07-05 14:33:40.505994','2023-09-05 14:33:40.506074'),
	 ('bea0f09b-4b7d-487b-b68b-d12d7fa69461','a4cf8993-5831-4313-a2a5-2c5b8c894a11',-6,69,'2023-10-05 14:34:10.984240','2023-10-05 14:34:10.984262'),
	 ('bef7118e-df85-4642-919f-fa0bc4827199','b3ec6d8b-800e-4785-b472-b2edf17dab27',-15,135,'2023-10-05 14:32:54.802156','2023-10-05 14:32:54.802177'),
	 ('c3c58a9d-1e09-4e45-a585-1711f6b26498','09c01e0d-7b17-4e3a-a2f5-6e328c361ea1',-15,23,'2023-10-05 14:28:38.729280','2023-10-05 14:28:38.729295'),
	 ('c4becab1-6b77-4242-9815-fd72589bcf3a','09c01e0d-7b17-4e3a-a2f5-6e328c361ea1',-15,53,'2023-10-05 14:28:38.352292','2023-10-05 14:28:38.352312'),
	 ('c681d583-4123-4e62-a770-a7cc898933d9','09c01e0d-7b17-4e3a-a2f5-6e328c361ea1',-10,223,'2023-10-05 14:28:30.120165','2023-10-05 14:28:30.120187'),
	 ('c7b1292c-7dfd-418a-937c-8cea394eefe4','a4cf8993-5831-4313-a2a5-2c5b8c894a11',-13,120,'2023-09-03 14:34:04.233280','2023-10-05 14:34:04.233262'),
	 ('c8c92401-79bc-4782-858b-8208bc840855','38fe872d-1b1f-41a3-8896-02bde4f7e860',-4,84,'2023-10-05 14:30:32.230630','2023-10-05 14:30:32.230654'),
	 ('c92a2e92-290c-409f-a578-0439b77384a8','09c01e0d-7b17-4e3a-a2f5-6e328c361ea1',-10,243,'2023-10-05 14:28:29.748482','2023-10-05 14:28:29.748501'),
	 ('c983e72b-e3bd-4166-be96-3f64b38f97b9','38fe872d-1b1f-41a3-8896-02bde4f7e860',-8,116,'2023-10-05 14:30:27.996048','2023-10-05 14:30:27.996067'),
	 ('ca166dff-0e6d-4e7c-8972-a405d3e1ed33','09c01e0d-7b17-4e3a-a2f5-6e328c361ea1',-10,353,'2023-10-05 14:28:27.895347','2023-10-05 14:28:27.895361'),
	 ('cbd83200-d215-46c4-b81b-df1878a9833c','09c01e0d-7b17-4e3a-a2f5-6e328c361ea1',-20,783,'2023-10-05 14:28:20.456643','2023-10-05 14:28:20.456674'),
	 ('ceebfa35-f4bf-4e96-8978-95166786a6b7','a4cf8993-5831-4313-a2a5-2c5b8c894a11',-13,81,'2023-09-02 14:34:05.568555','2023-10-05 14:34:05.568530'),
	 ('cf7cf596-2bcf-430c-8fa8-b26f6d4822e6','a4cf8993-5831-4313-a2a5-2c5b8c894a11',-9,178,'2023-10-02 14:33:58.965383','2023-10-05 14:33:58.965366'),
	 ('d04ab1c2-2a75-4222-8d0e-a9bab7d64363','09c01e0d-7b17-4e3a-a2f5-6e328c361ea1',-20,483,'2023-10-05 14:28:22.981762','2023-10-05 14:28:22.981778'),
	 ('d228d972-74fc-4596-9133-5f9dddfe54b7','a4cf8993-5831-4313-a2a5-2c5b8c894a11',-9,151,'2023-10-01 14:33:59.559565','2023-10-05 14:33:59.559537'),
	 ('d52d12d1-a919-4fa3-acea-ff4186a63c61','09c01e0d-7b17-4e3a-a2f5-6e328c361ea1',-10,423,'2023-10-05 14:28:26.826759','2023-10-05 14:28:26.826774'),
	 ('d742c3a4-9e91-4558-80d6-cbd5e79cedd9','a4cf8993-5831-4313-a2a5-2c5b8c894a11',-9,142,'2023-10-05 14:33:59.600471','2023-10-05 14:33:59.600495'),
	 ('d8055b6d-831a-4e64-9716-ca8047ba3d84','b3ec6d8b-800e-4785-b472-b2edf17dab27',-6,65,'2023-10-05 14:33:04.903538','2023-10-05 14:33:04.903554'),
	 ('d89c7dcc-94e9-46c2-9a17-7cb2bcf2adef','38fe872d-1b1f-41a3-8896-02bde4f7e860',-2,36,'2023-10-05 14:30:38.253566','2023-10-05 14:30:38.253619'),
	 ('dc9ebf07-1997-4cbb-a716-a9090d4b879b','09c01e0d-7b17-4e3a-a2f5-6e328c361ea1',-10,373,'2023-10-05 14:28:27.575793','2023-10-05 14:28:27.575825'),
	 ('dcbc70cc-1184-41f3-8fa3-a59fced158da','38fe872d-1b1f-41a3-8896-02bde4f7e860',-10,190,'2023-10-05 14:30:22.437494','2023-10-05 14:30:22.437508'),
	 ('dcfa76cc-d2e4-46e5-aa23-c6163818cb61','09c01e0d-7b17-4e3a-a2f5-6e328c361ea1',-10,263,'2023-10-05 14:28:29.405225','2023-10-05 14:28:29.405247'),
	 ('e138812d-e43b-4501-b722-4e277778faaa','a8f34699-b034-4e63-8701-3d3e43283cd3',-8,84,'2023-10-05 14:32:11.429628','2023-10-05 14:32:11.429646'),
	 ('e17ab710-227f-4812-98dc-73f8da55c7ea','a8f34699-b034-4e63-8701-3d3e43283cd3',-1,52,'2023-10-05 14:32:20.579555','2023-10-05 14:32:20.579569'),
	 ('e37bd454-1b53-4252-b1f4-6c917a85c662','38fe872d-1b1f-41a3-8896-02bde4f7e860',-2,42,'2023-10-05 14:30:37.768533','2023-10-05 14:30:37.768562'),
	 ('e434bc63-4303-424d-9b9c-7b3ebd8ec75f','09c01e0d-7b17-4e3a-a2f5-6e328c361ea1',-10,433,'2023-10-05 14:28:26.663481','2023-10-05 14:28:26.663497'),
	 ('e51ca917-77fe-44b8-b503-854b042698c6','09c01e0d-7b17-4e3a-a2f5-6e328c361ea1',-17,973,'2023-10-05 14:27:20.555855','2023-10-05 14:27:20.555918'),
	 ('e68e1d48-043f-4b41-a9eb-3bf5c1879af1','09c01e0d-7b17-4e3a-a2f5-6e328c361ea1',-20,703,'2023-10-05 14:28:21.110951','2023-10-05 14:28:21.110981'),
	 ('e86443f7-2bd2-40e6-8abf-fb4280e28985','b3ec6d8b-800e-4785-b472-b2edf17dab27',-6,29,'2023-10-05 14:33:06.814262','2023-10-05 14:33:06.814275'),
	 ('e8c661c2-1b40-4f04-a970-f194e67aed92','a4cf8993-5831-4313-a2a5-2c5b8c894a11',-13,94,'2023-08-05 14:34:04.573222','2023-10-05 14:34:04.573204'),
	 ('eb981b74-5e1f-4160-be2b-9a79abe04d65','09c01e0d-7b17-4e3a-a2f5-6e328c361ea1',-15,98,'2023-10-05 14:28:37.832438','2023-10-05 14:28:37.832458'),
	 ('ec663a9e-1f77-4160-baba-b032dbbc8f34','a8f34699-b034-4e63-8701-3d3e43283cd3',-3,62,'2023-10-05 14:32:15.465477','2023-10-05 14:32:15.465493'),
	 ('ed209168-fff0-47fd-a1b3-e18ebd7f6aa0','09c01e0d-7b17-4e3a-a2f5-6e328c361ea1',-10,363,'2023-10-05 14:28:27.735859','2023-10-05 14:28:27.735877'),
	 ('edee0e07-c388-495d-a391-982b54b3d87a','09c01e0d-7b17-4e3a-a2f5-6e328c361ea1',-10,443,'2023-10-05 14:28:26.505498','2023-10-05 14:28:26.505518'),
	 ('ef0896a5-d998-411e-937b-d231e0270a5e','38fe872d-1b1f-41a3-8896-02bde4f7e860',-2,40,'2023-10-05 14:30:37.931736','2023-10-05 14:30:37.931758'),
	 ('ef65329b-167d-4da0-a06d-99f391022a62','b3ec6d8b-800e-4785-b472-b2edf17dab27',150,150,'2023-10-05 14:32:49.182117','2023-10-05 14:32:49.182158'),
	 ('f1bf5a23-e269-429e-94d4-3663113b327f','a8f34699-b034-4e63-8701-3d3e43283cd3',-8,68,'2023-10-05 14:32:11.848750','2023-10-05 14:32:11.848774'),
	 ('f352504d-d38a-482e-80d4-e5ae0c3bb841','38fe872d-1b1f-41a3-8896-02bde4f7e860',-2,24,'2023-10-05 14:30:39.188801','2023-10-05 14:30:39.188817'),
	 ('f8a624ba-ee49-42ca-8c4a-4a91eb9fd341','a4cf8993-5831-4313-a2a5-2c5b8c894a11',-6,57,'2023-08-03 14:34:11.327007','2023-10-05 14:34:11.326995'),
	 ('fa921386-af73-4d7c-8501-857792da9f47','09c01e0d-7b17-4e3a-a2f5-6e328c361ea1',-20,643,'2023-10-05 14:28:21.627725','2023-10-05 14:28:21.627739'),
	 ('fad95c30-ebc6-43f8-80ac-ca6a0e9d86dc','09c01e0d-7b17-4e3a-a2f5-6e328c361ea1',-10,303,'2023-10-05 14:28:28.714036','2023-10-05 14:28:28.714057'),
	 ('fb4b607f-668a-479f-a6d6-0c4db71c1900','09c01e0d-7b17-4e3a-a2f5-6e328c361ea1',-10,463,'2023-10-05 14:28:26.181102','2023-10-05 14:28:26.181121'),
	 ('fc994647-6193-4165-9d50-75e7e866d841','09c01e0d-7b17-4e3a-a2f5-6e328c361ea1',-15,68,'2023-10-05 14:28:38.180331','2023-10-05 14:28:38.180349'),
	 ('fccc5693-1b1d-4fdd-9f15-afb9c4d88b22','a4cf8993-5831-4313-a2a5-2c5b8c894a11',-6,51,'2023-09-05 14:34:11.472897','2023-10-05 14:34:11.472883'),
	 ('fd153bd9-3506-4733-9e4e-9c4af44d79e6','09c01e0d-7b17-4e3a-a2f5-6e328c361ea1',-20,583,'2023-10-05 14:28:22.117858','2023-10-05 14:28:22.117879');


-- Populate the sales table
INSERT INTO fosit_ecommerce_store.sales (id,product_id,quantity,total_price,created_at,modified_at) VALUES
	 ('00c95c68-4b56-4837-8c9e-61d1808d1051','38fe872d-1b1f-41a3-8896-02bde4f7e860',10,1299,'2023-10-05 14:30:22.441253','2023-10-05 14:30:22.441279'),
	 ('011f7e88-15e4-4234-b30d-a11a873955f9','09c01e0d-7b17-4e3a-a2f5-6e328c361ea1',10,1499,'2023-10-05 14:28:29.753247','2023-10-05 14:28:29.753266'),
	 ('043a979c-0f6f-49ad-a0e8-3fc0f727b4e7','09c01e0d-7b17-4e3a-a2f5-6e328c361ea1',10,1499,'2023-10-05 14:28:26.024599','2023-10-05 14:28:26.024611'),
	 ('05827c38-f098-4606-b546-778dbc78b6af','a4cf8993-5831-4313-a2a5-2c5b8c894a11',13,389,'2023-10-05 14:33:50.070340','2023-10-05 14:33:50.070372'),
	 ('0b8a467c-471a-4ee3-a4c2-dc66d878984d','b3ec6d8b-800e-4785-b472-b2edf17dab27',1,12,'2023-10-05 14:33:01.502557','2023-10-05 14:33:01.502574'),
	 ('0bb73f9c-123f-4e4d-b4f8-3741cfb43b0b','a4cf8993-5831-4313-a2a5-2c5b8c894a11',30,899,'2023-10-04 14:33:46.157596','2023-10-05 14:33:46.157619'),
	 ('0e37db07-4c2f-4360-977c-01e3b8339bfb','09c01e0d-7b17-4e3a-a2f5-6e328c361ea1',15,2249,'2023-10-05 14:28:37.472797','2023-10-05 14:28:37.472816'),
	 ('0f1ac4f4-198c-4b25-8423-62e03d26e0c3','09c01e0d-7b17-4e3a-a2f5-6e328c361ea1',20,2999,'2023-10-05 14:28:21.955902','2023-10-05 14:28:21.955923'),
	 ('118c98f1-965e-4b18-af8d-93962990a38f','b3ec6d8b-800e-4785-b472-b2edf17dab27',6,77,'2023-10-05 14:33:04.585233','2023-10-05 14:33:04.585255'),
	 ('135389a5-8c4c-458d-8053-8275359bdd8f','38fe872d-1b1f-41a3-8896-02bde4f7e860',2,259,'2023-10-05 14:30:38.409908','2023-10-05 14:30:38.409923'),
	 ('14f4ef87-dce9-42fa-88dd-6dec10b6f5ec','a4cf8993-5831-4313-a2a5-2c5b8c894a11',13,389,'2023-10-03 14:34:04.410102','2023-10-05 14:34:04.410115'),
	 ('1533fda3-e983-4e2d-9bf7-962f94a06196','09c01e0d-7b17-4e3a-a2f5-6e328c361ea1',20,2999,'2023-10-05 14:28:22.126789','2023-10-05 14:28:22.126808'),
	 ('16fa9ee5-f69e-41cb-b727-1c4fef5878d4','09c01e0d-7b17-4e3a-a2f5-6e328c361ea1',15,2249,'2023-10-05 14:28:37.651904','2023-10-05 14:28:37.651926'),
	 ('1bb09006-68f9-4998-9717-efc43c75740c','38fe872d-1b1f-41a3-8896-02bde4f7e860',2,259,'2023-10-05 14:30:39.869607','2023-10-05 14:30:39.869634'),
	 ('1cdc52e0-6b7f-4bd7-84e7-9715242d7f8d','09c01e0d-7b17-4e3a-a2f5-6e328c361ea1',10,1499,'2023-10-05 14:28:28.222235','2023-10-05 14:28:28.222252'),
	 ('1d7b75e6-44f9-4dbe-a8af-d0c4d195c9a3','38fe872d-1b1f-41a3-8896-02bde4f7e860',2,259,'2023-10-05 14:30:37.773906','2023-10-05 14:30:37.773919'),
	 ('1ea6a475-c4cf-4ec9-bc42-b0b41f817b56','09c01e0d-7b17-4e3a-a2f5-6e328c361ea1',10,1499,'2023-10-05 14:28:29.966742','2023-10-05 14:28:29.966768'),
	 ('20fbc554-2b75-436e-8325-eb89616f9731','38fe872d-1b1f-41a3-8896-02bde4f7e860',2,259,'2023-10-05 14:30:38.570168','2023-10-05 14:30:38.570188'),
	 ('2135dd5f-fab9-4ddf-aec5-d23d8cd270b0','09c01e0d-7b17-4e3a-a2f5-6e328c361ea1',10,1499,'2023-10-05 14:28:28.058026','2023-10-05 14:28:28.058045'),
	 ('2195d4fd-902d-4a34-9d4a-1021fe4ed52b','38fe872d-1b1f-41a3-8896-02bde4f7e860',10,1299,'2023-10-05 14:30:23.587116','2023-10-05 14:30:23.587169'),
	 ('21f9dfff-4cc6-4c24-a12b-66d6cf1923d5','09c01e0d-7b17-4e3a-a2f5-6e328c361ea1',20,2999,'2023-10-05 14:28:21.113904','2023-10-05 14:28:21.113924'),
	 ('22141982-db08-4d9b-b718-1f4240e15a1f','b3ec6d8b-800e-4785-b472-b2edf17dab27',6,77,'2023-10-05 14:33:06.974847','2023-10-05 14:33:06.974864'),
	 ('22aff4e6-f58e-4682-b9c7-145cd85a3bc6','09c01e0d-7b17-4e3a-a2f5-6e328c361ea1',20,2999,'2023-10-05 14:28:20.787808','2023-10-05 14:28:20.787824'),
	 ('27bf0863-1756-4ac2-86c6-38cca78ee49b','09c01e0d-7b17-4e3a-a2f5-6e328c361ea1',10,1499,'2023-10-05 14:27:15.683176','2023-10-05 14:27:15.683201'),
	 ('2d500517-355f-4a51-a14b-9dcc14ebe268','a8f34699-b034-4e63-8701-3d3e43283cd3',1,24,'2023-10-05 14:32:20.380370','2023-10-05 14:32:20.380394'),
	 ('2e2e705f-83ff-40b6-b6a0-9c65cc5f394c','09c01e0d-7b17-4e3a-a2f5-6e328c361ea1',20,2999,'2023-10-05 14:28:21.473430','2023-10-05 14:28:21.473451'),
	 ('2e3b8309-e788-492f-a13c-7f30f8de525a','38fe872d-1b1f-41a3-8896-02bde4f7e860',10,1299,'2023-10-05 14:30:22.865643','2023-10-05 14:30:22.865655'),
	 ('3088392e-0a39-4ddc-9de7-9b90e530ed86','09c01e0d-7b17-4e3a-a2f5-6e328c361ea1',33,4949,'2023-10-05 14:28:16.050099','2023-10-05 14:28:16.050127'),
	 ('31515be1-d77b-44b8-bc09-5a8b74310d2b','a8f34699-b034-4e63-8701-3d3e43283cd3',8,199,'2023-10-05 14:32:11.257713','2023-10-05 14:32:11.257754'),
	 ('31f35a30-19da-4625-abf5-bf9dfd34f8e7','09c01e0d-7b17-4e3a-a2f5-6e328c361ea1',15,2249,'2023-10-05 14:28:38.183897','2023-10-05 14:28:38.183920'),
	 ('32acc0fd-6e9e-4b92-a8e2-c34d9795861d','09c01e0d-7b17-4e3a-a2f5-6e328c361ea1',17,2549,'2023-10-05 14:27:20.564722','2023-10-05 14:27:20.564745'),
	 ('32d2ebfa-bc05-40ff-a0a8-1effb94816ba','38fe872d-1b1f-41a3-8896-02bde4f7e860',2,259,'2023-10-05 14:30:39.527702','2023-10-05 14:30:39.527722'),
	 ('332fe2c7-05a8-4cca-a30a-70f0fb70b169','a4cf8993-5831-4313-a2a5-2c5b8c894a11',6,179,'2023-10-02 14:34:11.154656','2023-10-05 14:34:11.154672'),
	 ('336895ce-85d1-4d3c-b6b2-059761d43c1c','09c01e0d-7b17-4e3a-a2f5-6e328c361ea1',20,2999,'2023-10-05 14:28:21.631667','2023-10-05 14:28:21.631683'),
	 ('3552bf79-1a42-404c-b7ed-535c79bc15f1','a4cf8993-5831-4313-a2a5-2c5b8c894a11',9,269,'2023-10-01 14:33:59.608136','2023-10-05 14:33:59.608152'),
	 ('355e5ff9-6462-41ad-8f09-fdf4afbb569e','09c01e0d-7b17-4e3a-a2f5-6e328c361ea1',20,2999,'2023-10-05 14:28:20.291322','2023-10-05 14:28:20.291336'),
	 ('3659d617-6b39-47b8-9062-e1cd4dbdcaa2','09c01e0d-7b17-4e3a-a2f5-6e328c361ea1',15,2249,'2023-10-05 14:28:38.358129','2023-10-05 14:28:38.358155'),
	 ('3d587378-e0a2-4484-b670-6a4dffdcbc3c','09c01e0d-7b17-4e3a-a2f5-6e328c361ea1',10,1499,'2023-10-05 14:28:26.509513','2023-10-05 14:28:26.509542'),
	 ('3e4b2ec7-45da-4c7b-8bfa-4aad063ff7ae','a4cf8993-5831-4313-a2a5-2c5b8c894a11',9,269,'2023-09-05 14:33:59.564599','2023-10-05 14:33:59.564613'),
	 ('3ead985b-f856-4098-a7f3-4ddc2ee273a0','a4cf8993-5831-4313-a2a5-2c5b8c894a11',6,179,'2023-09-04 14:34:11.477686','2023-10-05 14:34:11.477707'),
	 ('3ecd5bfc-514e-46d3-89bf-9183cebfa6cc','b3ec6d8b-800e-4785-b472-b2edf17dab27',6,77,'2023-10-05 14:33:06.636576','2023-10-05 14:33:06.636605'),
	 ('3f2cf91a-8365-4a1b-a559-1c55eb51824d','a4cf8993-5831-4313-a2a5-2c5b8c894a11',6,179,'2023-09-03 14:34:10.989138','2023-10-05 14:34:10.989158'),
	 ('3fce4c63-8414-4e63-ad15-3ad227b078c1','38fe872d-1b1f-41a3-8896-02bde4f7e860',4,519,'2023-10-05 14:30:31.290168','2023-10-05 14:30:31.290221'),
	 ('47a0a7d7-b0f2-41d8-a7df-ac584a32d690','09c01e0d-7b17-4e3a-a2f5-6e328c361ea1',1,149,'2023-10-05 14:28:03.109994','2023-10-05 14:28:03.110012'),
	 ('49982f01-87a6-40df-874f-678e92ff79e3','09c01e0d-7b17-4e3a-a2f5-6e328c361ea1',10,1499,'2023-10-05 14:28:30.305260','2023-10-05 14:28:30.305277'),
	 ('4a20100e-d205-438a-995a-96632afe845d','38fe872d-1b1f-41a3-8896-02bde4f7e860',4,519,'2023-10-05 14:30:32.960629','2023-10-05 14:30:32.960653'),
	 ('4cd16d0d-f1ef-4e91-ae71-d6456d78cb64','a4cf8993-5831-4313-a2a5-2c5b8c894a11',13,389,'2023-09-02 14:34:04.240690','2023-10-05 14:34:04.240715'),
	 ('4d3f7286-1afc-4dce-a0f5-0b219fa9163e','38fe872d-1b1f-41a3-8896-02bde4f7e860',10,1299,'2023-10-05 14:30:22.686686','2023-10-05 14:30:22.686704'),
	 ('4e5e9a3f-d164-43d8-bc7f-3fe6daa7e1c5','38fe872d-1b1f-41a3-8896-02bde4f7e860',4,519,'2023-10-05 14:30:33.854716','2023-10-05 14:30:33.854743'),
	 ('4f4bf3ff-faee-4acc-a681-8cc698a6c4dd','09c01e0d-7b17-4e3a-a2f5-6e328c361ea1',10,1499,'2023-10-05 14:28:27.352727','2023-10-05 14:28:27.352796'),
	 ('50ea5130-8a59-48be-96fe-47eb79eb988a','09c01e0d-7b17-4e3a-a2f5-6e328c361ea1',15,2249,'2023-10-05 14:28:38.549829','2023-10-05 14:28:38.549847'),
	 ('521d02bf-7b9e-4176-b299-760573865804','38fe872d-1b1f-41a3-8896-02bde4f7e860',2,259,'2023-10-05 14:30:41.290975','2023-10-05 14:30:41.290999'),
	 ('52bcece5-2be6-49f8-aeb8-8e21d8c5027e','a8f34699-b034-4e63-8701-3d3e43283cd3',3,74,'2023-10-05 14:32:15.672926','2023-10-05 14:32:15.672961'),
	 ('52ffbcf4-91aa-4211-8bc3-812aaed436f7','38fe872d-1b1f-41a3-8896-02bde4f7e860',2,259,'2023-10-05 14:30:38.885024','2023-10-05 14:30:38.885041'),
	 ('53ec70a7-4c32-48b0-bddb-02ea602a98dc','b3ec6d8b-800e-4785-b472-b2edf17dab27',6,77,'2023-10-05 14:33:04.908065','2023-10-05 14:33:04.908089'),
	 ('58c1d69c-c11f-48e7-9588-8c60b5285f97','09c01e0d-7b17-4e3a-a2f5-6e328c361ea1',20,2999,'2023-10-05 14:28:20.463229','2023-10-05 14:28:20.463250'),
	 ('5d7c7fd5-2e25-4b39-aa8d-fd1ae6e0ef59','38fe872d-1b1f-41a3-8896-02bde4f7e860',4,519,'2023-10-05 14:30:33.589801','2023-10-05 14:30:33.589815'),
	 ('5dcca9db-399b-400b-b788-22478cf5d6ed','09c01e0d-7b17-4e3a-a2f5-6e328c361ea1',15,2249,'2023-10-05 14:28:38.021353','2023-10-05 14:28:38.021387'),
	 ('5e050185-e95f-4446-a0fd-9c166ff9359e','38fe872d-1b1f-41a3-8896-02bde4f7e860',4,519,'2023-10-05 14:30:33.690291','2023-10-05 14:30:33.690303'),
	 ('5ea9b526-f64b-47d5-b932-40857ebd9282','a8f34699-b034-4e63-8701-3d3e43283cd3',3,74,'2023-10-05 14:32:15.870629','2023-10-05 14:32:15.870642'),
	 ('5f26b999-b80b-45d5-95b0-d7d5ad9cd2b6','a8f34699-b034-4e63-8701-3d3e43283cd3',6,149,'2023-10-05 14:32:23.550894','2023-10-05 14:32:23.550912'),
	 ('63c05490-d424-434c-8105-263666cef3e6','09c01e0d-7b17-4e3a-a2f5-6e328c361ea1',10,1499,'2023-10-05 14:28:29.578992','2023-10-05 14:28:29.579028'),
	 ('64778b82-c9c0-4a63-9e1a-118866547f28','09c01e0d-7b17-4e3a-a2f5-6e328c361ea1',20,2999,'2023-10-05 14:28:21.277810','2023-10-05 14:28:21.277826'),
	 ('68f9c12d-82d9-418a-9fc0-70331a1d56a8','09c01e0d-7b17-4e3a-a2f5-6e328c361ea1',20,2999,'2023-10-05 14:28:22.821072','2023-10-05 14:28:22.821085'),
	 ('6abc8b67-7f23-4ef1-8ee8-11af30bb71a4','09c01e0d-7b17-4e3a-a2f5-6e328c361ea1',13,1949,'2023-10-05 14:28:12.743297','2023-10-05 14:28:12.743312'),
	 ('6d5b2bb2-0024-4fb4-bae8-c4010854aac0','b3ec6d8b-800e-4785-b472-b2edf17dab27',11,142,'2023-10-05 14:32:58.768945','2023-10-05 14:32:58.768973'),
	 ('6ec8789d-d977-4a5e-a5f3-491afe4fe5f6','09c01e0d-7b17-4e3a-a2f5-6e328c361ea1',20,2999,'2023-10-05 14:28:20.942816','2023-10-05 14:28:20.942837'),
	 ('703bcebf-862f-4364-a4d5-2415c585c809','09c01e0d-7b17-4e3a-a2f5-6e328c361ea1',10,1499,'2023-10-05 14:28:29.410669','2023-10-05 14:28:29.410690'),
	 ('7253804d-20d3-4311-b378-deb0c122612e','a4cf8993-5831-4313-a2a5-2c5b8c894a11',13,389,'2023-09-01 14:34:05.572911','2023-10-05 14:34:05.572931'),
	 ('7371e2ef-834a-4f4f-9b12-cfcebbca5cab','38fe872d-1b1f-41a3-8896-02bde4f7e860',2,259,'2023-10-05 14:30:37.620868','2023-10-05 14:30:37.620884'),
	 ('738cfafe-51ab-46a5-988e-d7b0d78bc40b','38fe872d-1b1f-41a3-8896-02bde4f7e860',4,519,'2023-10-05 14:30:31.617847','2023-10-05 14:30:31.617873'),
	 ('745fd38a-bdaf-4c19-92ad-6a1bb4d149da','38fe872d-1b1f-41a3-8896-02bde4f7e860',2,259,'2023-10-05 14:30:40.882536','2023-10-05 14:30:40.882563'),
	 ('77124e9f-8705-46db-8d1f-74e6ce9201a1','38fe872d-1b1f-41a3-8896-02bde4f7e860',4,519,'2023-10-05 14:30:32.022559','2023-10-05 14:30:32.022579'),
	 ('77a46857-0c79-4e8c-8ee9-cc2b53a50962','b3ec6d8b-800e-4785-b472-b2edf17dab27',1,12,'2023-10-05 14:33:01.669006','2023-10-05 14:33:01.669024'),
	 ('77ef8967-1976-4fdd-af12-39a548dd15cb','38fe872d-1b1f-41a3-8896-02bde4f7e860',4,519,'2023-10-05 14:30:34.011741','2023-10-05 14:30:34.011759'),
	 ('7854b44f-0db6-499a-a250-03210a41aee8','38fe872d-1b1f-41a3-8896-02bde4f7e860',8,1039,'2023-10-05 14:30:28.002599','2023-10-05 14:30:28.002629'),
	 ('78d58b43-9695-4bc6-bbb6-b0f81cfa52ed','a8f34699-b034-4e63-8701-3d3e43283cd3',8,199,'2023-10-05 14:32:11.638348','2023-10-05 14:32:11.638359'),
	 ('79dbc9b2-a7c0-4b56-92fd-2cc9a3df8f77','b3ec6d8b-800e-4785-b472-b2edf17dab27',6,77,'2023-10-05 14:33:05.320633','2023-10-05 14:33:05.320664'),
	 ('7b36d825-9bcd-43a9-857d-f1c46c08aa1f','09c01e0d-7b17-4e3a-a2f5-6e328c361ea1',10,1499,'2023-10-05 14:28:26.830860','2023-10-05 14:28:26.830874'),
	 ('7cb74e17-84b5-4731-b031-cecbe362bf56','09c01e0d-7b17-4e3a-a2f5-6e328c361ea1',10,1499,'2023-10-05 14:28:27.003954','2023-10-05 14:28:27.003969'),
	 ('7ccf93da-29a4-4072-a224-18b2078113fd','09c01e0d-7b17-4e3a-a2f5-6e328c361ea1',10,1499,'2023-10-05 14:28:29.058562','2023-10-05 14:28:29.058593'),
	 ('7cd4bdb9-ea00-488b-9bee-4ad0543ed28c','a4cf8993-5831-4313-a2a5-2c5b8c894a11',9,269,'2023-10-05 14:33:59.766060','2023-10-05 14:33:59.766076'),
	 ('7d106861-f9ae-4284-b3fb-bb0e483b7946','a4cf8993-5831-4313-a2a5-2c5b8c894a11',13,389,'2023-10-05 14:34:04.576763','2023-10-05 14:34:04.576774'),
	 ('83fbd647-9fe3-4dfc-a449-b03aa48dfc93','38fe872d-1b1f-41a3-8896-02bde4f7e860',2,259,'2023-10-05 14:30:38.105194','2023-10-05 14:30:38.105211'),
	 ('8446b643-d259-4fba-8bd8-b49edb532062','38fe872d-1b1f-41a3-8896-02bde4f7e860',2,259,'2023-10-05 14:30:38.258828','2023-10-05 14:30:38.258850'),
	 ('857f3c80-36d3-4a3c-92b3-4dd58f05138b','09c01e0d-7b17-4e3a-a2f5-6e328c361ea1',15,2249,'2023-10-05 14:28:36.725182','2023-10-05 14:28:36.725205'),
	 ('8750784e-c326-405d-8942-dba1dd62f552','09c01e0d-7b17-4e3a-a2f5-6e328c361ea1',10,1499,'2023-10-05 14:28:27.159818','2023-10-05 14:28:27.159834'),
	 ('89283070-48c7-41a2-970c-3df426482807','b3ec6d8b-800e-4785-b472-b2edf17dab27',11,142,'2023-10-05 14:32:58.969603','2023-10-05 14:32:58.969609'),
	 ('893b2d07-f01b-404d-96c3-6fb2e6a31abe','a8f34699-b034-4e63-8701-3d3e43283cd3',1,24,'2023-10-05 14:32:20.589858','2023-10-05 14:32:20.589878'),
	 ('8ac906ad-6b9b-4ec1-81df-f319f03ffd91','a8f34699-b034-4e63-8701-3d3e43283cd3',6,149,'2023-10-05 14:32:23.909201','2023-10-05 14:32:23.909220'),
	 ('8b094f1d-ee37-4cfa-a841-c1dabcbdc602','09c01e0d-7b17-4e3a-a2f5-6e328c361ea1',10,1499,'2023-10-05 14:28:28.378394','2023-10-05 14:28:28.378406'),
	 ('8e6077d0-38a1-4658-a423-0c528492d541','09c01e0d-7b17-4e3a-a2f5-6e328c361ea1',10,1499,'2023-10-05 14:28:27.424821','2023-10-05 14:28:27.424826'),
	 ('901313f4-fd02-4213-89c2-bc3315367212','09c01e0d-7b17-4e3a-a2f5-6e328c361ea1',10,1499,'2023-10-05 14:28:28.886483','2023-10-05 14:28:28.886509'),
	 ('912b9487-873d-480d-a9d9-72a0e3dd70a8','a4cf8993-5831-4313-a2a5-2c5b8c894a11',9,269,'2023-10-05 14:33:58.969925','2023-10-05 14:33:58.969946'),
	 ('91626ba2-043c-484e-be75-4760a708a45d','38fe872d-1b1f-41a3-8896-02bde4f7e860',4,519,'2023-10-05 14:30:33.291540','2023-10-05 14:30:33.291553'),
	 ('916ee07f-0050-4641-ad09-79d3158944c1','09c01e0d-7b17-4e3a-a2f5-6e328c361ea1',20,2999,'2023-10-05 14:28:21.794372','2023-10-05 14:28:21.794393'),
	 ('97116cc1-5c6e-4293-9c35-993e787cfbb6','b3ec6d8b-800e-4785-b472-b2edf17dab27',15,194,'2023-10-05 14:32:54.971627','2023-10-05 14:32:54.971652'),
	 ('985b5777-c94c-439b-bbf4-a283953536ef','09c01e0d-7b17-4e3a-a2f5-6e328c361ea1',10,1499,'2023-10-05 14:28:29.241333','2023-10-05 14:28:29.241353'),
	 ('9a1ee8a2-399c-4fd8-8f69-3163a11c4459','09c01e0d-7b17-4e3a-a2f5-6e328c361ea1',15,2249,'2023-10-05 14:28:37.271756','2023-10-05 14:28:37.271775'),
	 ('9a492bf7-f4e4-4fdd-a51c-c4ff981cec8c','09c01e0d-7b17-4e3a-a2f5-6e328c361ea1',10,1499,'2023-10-05 14:28:27.738988','2023-10-05 14:28:27.738999'),
	 ('9ada8024-3fb2-4f48-993d-466e71e165e3','38fe872d-1b1f-41a3-8896-02bde4f7e860',4,519,'2023-10-05 14:30:31.838226','2023-10-05 14:30:31.838241'),
	 ('9cdcfecd-3352-4246-8eec-43f91726b263','38fe872d-1b1f-41a3-8896-02bde4f7e860',10,1299,'2023-10-05 14:30:23.340200','2023-10-05 14:30:23.340225'),
	 ('a2038299-7926-4741-9cd6-7a891bcc4fd0','09c01e0d-7b17-4e3a-a2f5-6e328c361ea1',10,1499,'2023-10-05 14:28:26.185929','2023-10-05 14:28:26.185947'),
	 ('a3fffd73-11aa-4b13-b4ff-80eba7a3920f','38fe872d-1b1f-41a3-8896-02bde4f7e860',2,259,'2023-10-05 14:30:38.726644','2023-10-05 14:30:38.726661'),
	 ('a903292c-60ab-4230-9a98-14601fb7638a','b3ec6d8b-800e-4785-b472-b2edf17dab27',6,77,'2023-10-05 14:33:04.747239','2023-10-05 14:33:04.747258'),
	 ('a9133941-c114-40b7-87a8-7f3524100246','38fe872d-1b1f-41a3-8896-02bde4f7e860',2,259,'2023-10-05 14:30:42.364095','2023-10-05 14:30:42.364119'),
	 ('aa288d88-6144-49a2-b8d0-f997afe3e6aa','38fe872d-1b1f-41a3-8896-02bde4f7e860',2,259,'2023-10-05 14:30:41.446433','2023-10-05 14:30:41.446457'),
	 ('aaef9257-c7f7-4ef6-bd51-7952575adbfe','b3ec6d8b-800e-4785-b472-b2edf17dab27',6,77,'2023-10-05 14:33:06.469683','2023-10-05 14:33:06.469705'),
	 ('ac2d2a69-f0ba-4d83-9059-a479e47e982f','b3ec6d8b-800e-4785-b472-b2edf17dab27',1,12,'2023-10-05 14:33:01.830383','2023-10-05 14:33:01.830402'),
	 ('acf1ebaf-9a28-4be5-9880-0a0139080668','09c01e0d-7b17-4e3a-a2f5-6e328c361ea1',20,2999,'2023-10-05 14:28:22.472445','2023-10-05 14:28:22.472464'),
	 ('ae405f2b-befa-4425-b2e4-07f38013cff0','b3ec6d8b-800e-4785-b472-b2edf17dab27',6,77,'2023-10-05 14:33:06.311906','2023-10-05 14:33:06.311929'),
	 ('af89ff0e-31a9-45fd-baca-e3c303a95106','a4cf8993-5831-4313-a2a5-2c5b8c894a11',22,659,'2023-10-05 14:33:54.257809','2023-10-05 14:33:54.257838'),
	 ('af9f3131-a283-4c31-8f72-7d0b2046de77','38fe872d-1b1f-41a3-8896-02bde4f7e860',2,259,'2023-10-05 14:30:39.194055','2023-10-05 14:30:39.194078'),
	 ('afb749e3-bd53-4d90-92ac-8986342d217a','38fe872d-1b1f-41a3-8896-02bde4f7e860',2,259,'2023-10-05 14:30:39.039592','2023-10-05 14:30:39.039607'),
	 ('afbadd1d-c87c-4acb-a1b7-7ab81b39aeb3','38fe872d-1b1f-41a3-8896-02bde4f7e860',2,259,'2023-10-05 14:30:40.720891','2023-10-05 14:30:40.720908'),
	 ('b04e14d1-332c-4c4a-a591-6beb809ab689','38fe872d-1b1f-41a3-8896-02bde4f7e860',2,259,'2023-10-05 14:30:37.467215','2023-10-05 14:30:37.467234'),
	 ('b221a781-2021-4f43-8a67-4e6e22a90476','a8f34699-b034-4e63-8701-3d3e43283cd3',6,149,'2023-10-05 14:32:24.087930','2023-10-05 14:32:24.087958'),
	 ('b26ffe64-f1dd-473b-904f-35498f1691b1','a4cf8993-5831-4313-a2a5-2c5b8c894a11',13,389,'2023-10-05 14:33:50.236683','2023-10-05 14:33:50.236723'),
	 ('b32c1cc7-37fa-407f-80e5-21ec3b63e77f','a8f34699-b034-4e63-8701-3d3e43283cd3',1,24,'2023-10-05 14:32:20.002073','2023-10-05 14:32:20.002090'),
	 ('b4a35b5c-9dc2-4a6c-ae61-eadf11f313cd','a8f34699-b034-4e63-8701-3d3e43283cd3',3,74,'2023-10-05 14:32:15.306386','2023-10-05 14:32:15.306414'),
	 ('b4fcf4ef-d3ad-46b3-b4a1-465179e4d494','09c01e0d-7b17-4e3a-a2f5-6e328c361ea1',10,1499,'2023-10-05 14:28:26.671661','2023-10-05 14:28:26.671679'),
	 ('b50066af-8554-4622-bfbe-a7cb378ae8d3','a4cf8993-5831-4313-a2a5-2c5b8c894a11',22,659,'2023-10-05 14:33:54.100702','2023-10-05 14:33:54.100721'),
	 ('b55a8c14-c11d-4ea8-9cdf-84b522a5a79e','09c01e0d-7b17-4e3a-a2f5-6e328c361ea1',10,1499,'2023-10-05 14:28:28.718967','2023-10-05 14:28:28.718986'),
	 ('b58e9d8b-cafc-44d7-bd34-532a749b66b5','b3ec6d8b-800e-4785-b472-b2edf17dab27',1,12,'2023-10-05 14:33:01.995616','2023-10-05 14:33:01.995639'),
	 ('ba78f06a-2a44-4ca1-8cb9-124929b2f65a','38fe872d-1b1f-41a3-8896-02bde4f7e860',4,519,'2023-10-05 14:30:32.236935','2023-10-05 14:30:32.236968'),
	 ('bd9d6c15-142d-4621-bbf3-5b882246fb95','09c01e0d-7b17-4e3a-a2f5-6e328c361ea1',103,15448,'2023-10-05 14:28:08.811466','2023-10-05 14:28:08.811531'),
	 ('c33590ed-0bc3-452d-8f05-798da941763e','09c01e0d-7b17-4e3a-a2f5-6e328c361ea1',15,2249,'2023-10-05 14:28:37.065593','2023-10-05 14:28:37.065605'),
	 ('c3dec79b-5b77-44ef-9385-a6d04166b81f','b3ec6d8b-800e-4785-b472-b2edf17dab27',11,142,'2023-10-05 14:32:58.605580','2023-10-05 14:32:58.605596'),
	 ('c75acbe2-81d4-4fcd-8191-18805a7a6d0f','09c01e0d-7b17-4e3a-a2f5-6e328c361ea1',10,1499,'2023-10-05 14:28:26.349915','2023-10-05 14:28:26.349945'),
	 ('c7e3a918-06c9-440d-931e-45f1df06b4fe','b3ec6d8b-800e-4785-b472-b2edf17dab27',6,77,'2023-10-05 14:33:06.818397','2023-10-05 14:33:06.818414'),
	 ('cb508747-e4fe-47b5-ad25-4a88a3bf879a','09c01e0d-7b17-4e3a-a2f5-6e328c361ea1',20,2999,'2023-10-05 14:28:22.305076','2023-10-05 14:28:22.305089'),
	 ('cb58d118-0ebc-415b-b0fd-63283218ea36','09c01e0d-7b17-4e3a-a2f5-6e328c361ea1',10,1499,'2023-10-05 14:28:30.493598','2023-10-05 14:28:30.493625'),
	 ('cbef8798-2bf9-4c26-a346-5d82c975b7af','38fe872d-1b1f-41a3-8896-02bde4f7e860',4,519,'2023-10-05 14:30:33.447340','2023-10-05 14:30:33.447353'),
	 ('cd6d5c4a-60f5-4076-a435-446a0ec05cb9','09c01e0d-7b17-4e3a-a2f5-6e328c361ea1',15,2249,'2023-10-05 14:28:38.733268','2023-10-05 14:28:38.733289'),
	 ('ce3aae37-89f5-4222-a64b-033c174f90f1','a4cf8993-5831-4313-a2a5-2c5b8c894a11',9,269,'2023-10-05 14:33:59.136006','2023-10-05 14:33:59.136021'),
	 ('d1f2b19d-1899-4e5e-ab9c-f5321e3db67e','b3ec6d8b-800e-4785-b472-b2edf17dab27',6,77,'2023-10-05 14:33:07.153838','2023-10-05 14:33:07.153863'),
	 ('d3926b34-d4c1-4473-b32a-453b11a51b35','a8f34699-b034-4e63-8701-3d3e43283cd3',6,149,'2023-10-05 14:32:23.751192','2023-10-05 14:32:23.751211'),
	 ('d48d5ef9-f2ff-457e-a692-482213788b45','09c01e0d-7b17-4e3a-a2f5-6e328c361ea1',20,2999,'2023-10-05 14:28:22.656296','2023-10-05 14:28:22.656312'),
	 ('d4f12954-b0fd-422f-8250-ac3e1ab52931','38fe872d-1b1f-41a3-8896-02bde4f7e860',8,1039,'2023-10-05 14:30:28.233602','2023-10-05 14:30:28.233617'),
	 ('d5eb3f57-ad42-4e1d-ab8a-36903af78336','09c01e0d-7b17-4e3a-a2f5-6e328c361ea1',15,2249,'2023-10-05 14:28:37.837076','2023-10-05 14:28:37.837100'),
	 ('d731ce7b-73aa-4285-aa2e-e7118d57379b','b3ec6d8b-800e-4785-b472-b2edf17dab27',6,77,'2023-10-05 14:33:05.090553','2023-10-05 14:33:05.090569'),
	 ('d73cdada-f160-4694-9602-7b7fe4dee24e','09c01e0d-7b17-4e3a-a2f5-6e328c361ea1',20,2999,'2023-10-05 14:28:20.626927','2023-10-05 14:28:20.626939'),
	 ('d960ede5-1506-41ea-908d-b7942553201f','a8f34699-b034-4e63-8701-3d3e43283cd3',8,199,'2023-10-05 14:32:11.436325','2023-10-05 14:32:11.436343'),
	 ('daecef61-4ad5-4fdd-8530-f90e6a0dfb20','09c01e0d-7b17-4e3a-a2f5-6e328c361ea1',10,1499,'2023-10-05 14:28:27.898883','2023-10-05 14:28:27.898911'),
	 ('db283501-bb99-4277-928b-5ffadb3c964b','38fe872d-1b1f-41a3-8896-02bde4f7e860',4,519,'2023-10-05 14:30:31.455973','2023-10-05 14:30:31.455997'),
	 ('db75d7a8-99e4-40e3-b8ad-338f78eaf730','09c01e0d-7b17-4e3a-a2f5-6e328c361ea1',10,1499,'2023-10-05 14:28:27.580117','2023-10-05 14:28:27.580143'),
	 ('dc08d9b9-b765-41f2-84f2-bcb4115b668d','09c01e0d-7b17-4e3a-a2f5-6e328c361ea1',15,2249,'2023-10-05 14:28:38.899774','2023-10-05 14:28:38.899805'),
	 ('dcc5a9ab-8599-40c9-b2fe-e514c12e4874','a8f34699-b034-4e63-8701-3d3e43283cd3',8,199,'2023-10-05 14:32:11.856137','2023-10-05 14:32:11.856159'),
	 ('dda97f4c-facd-48f4-8069-cd22f9253f9e','09c01e0d-7b17-4e3a-a2f5-6e328c361ea1',10,1499,'2023-10-05 14:28:28.557412','2023-10-05 14:28:28.557431'),
	 ('de7ee375-e3ce-413a-b3ed-68c4e0975d27','38fe872d-1b1f-41a3-8896-02bde4f7e860',2,259,'2023-10-05 14:30:37.937200','2023-10-05 14:30:37.937222'),
	 ('e025c214-e88f-443d-9d4a-66abca75be90','a4cf8993-5831-4313-a2a5-2c5b8c894a11',13,389,'2023-09-09 14:33:50.393661','2023-10-05 14:33:50.393677'),
	 ('e1ae8452-b60b-4717-b570-87aaeb4c59e6','a4cf8993-5831-4313-a2a5-2c5b8c894a11',9,269,'2023-09-10 14:33:59.292799','2023-10-05 14:33:59.292816'),
	 ('e38db0a5-b513-4bf2-ab60-b7f3c3bf4fe9','a4cf8993-5831-4313-a2a5-2c5b8c894a11',6,179,'2023-09-11 14:34:12.194725','2023-10-05 14:34:12.194748'),
	 ('e474e47e-e2db-4388-8352-3f5cfb9925a7','a4cf8993-5831-4313-a2a5-2c5b8c894a11',6,179,'2023-09-06 14:34:11.329276','2023-10-05 14:34:11.329286'),
	 ('e7a51c9e-be22-4378-9e5d-2d80df8a9156','b3ec6d8b-800e-4785-b472-b2edf17dab27',15,194,'2023-10-05 14:32:54.807702','2023-10-05 14:32:54.807720'),
	 ('e89fdb89-6821-4d00-8c39-20d304375921','38fe872d-1b1f-41a3-8896-02bde4f7e860',8,1039,'2023-10-05 14:30:27.624800','2023-10-05 14:30:27.624811'),
	 ('eb18028f-3781-471d-975c-a916213de31f','38fe872d-1b1f-41a3-8896-02bde4f7e860',2,259,'2023-10-05 14:30:40.073692','2023-10-05 14:30:40.073703'),
	 ('eba54b3d-ab52-4351-b70b-12e92713ced4','a8f34699-b034-4e63-8701-3d3e43283cd3',1,24,'2023-10-05 14:32:20.220508','2023-10-05 14:32:20.220528'),
	 ('eda294c3-3d98-43a1-a290-a6fa34dc0dcf','38fe872d-1b1f-41a3-8896-02bde4f7e860',10,1299,'2023-10-05 14:30:23.101219','2023-10-05 14:30:23.101237'),
	 ('ef108c3b-88ab-44f8-9279-d70bb75df12d','09c01e0d-7b17-4e3a-a2f5-6e328c361ea1',20,2999,'2023-10-05 14:28:22.986153','2023-10-05 14:28:22.986170'),
	 ('f157533e-b0b7-44f6-8642-ac75ee80dea1','38fe872d-1b1f-41a3-8896-02bde4f7e860',4,519,'2023-10-05 14:30:33.125782','2023-10-05 14:30:33.125806'),
	 ('f2938831-5866-480b-9986-8f5157752030','a8f34699-b034-4e63-8701-3d3e43283cd3',3,74,'2023-10-05 14:32:15.469810','2023-10-05 14:32:15.469828'),
	 ('f2c5888c-2a76-4e9d-bb94-07fe45e74026','09c01e0d-7b17-4e3a-a2f5-6e328c361ea1',10,1499,'2023-10-05 14:28:30.123379','2023-10-05 14:28:30.123390'),
	 ('f35170da-15d3-464a-a0e2-bc4ecfcd65fd','38fe872d-1b1f-41a3-8896-02bde4f7e860',2,259,'2023-10-05 14:30:41.036172','2023-10-05 14:30:41.036187'),
	 ('f392ddff-1692-4539-b902-b4bf8f785f78','38fe872d-1b1f-41a3-8896-02bde4f7e860',4,519,'2023-10-05 14:30:34.218384','2023-10-05 14:30:34.218401'),
	 ('f973237a-73bc-4766-9e3f-948b331378aa','38fe872d-1b1f-41a3-8896-02bde4f7e860',2,259,'2023-10-05 14:30:39.702450','2023-10-05 14:30:39.702469'),
	 ('f98d042f-ade8-4173-88c9-3f63c134ce76','09c01e0d-7b17-4e3a-a2f5-6e328c361ea1',15,2249,'2023-10-05 14:28:36.890066','2023-10-05 14:28:36.890079'),
	 ('ff5ffdef-9c1e-43ef-a7e9-34c3e875b0a1','a4cf8993-5831-4313-a2a5-2c5b8c894a11',6,179,'2023-09-07 14:34:10.822568','2023-10-05 14:34:10.822596'),
	 ('ffe81532-d5b5-4529-821a-6f0e6fb993f8','38fe872d-1b1f-41a3-8896-02bde4f7e860',8,1039,'2023-10-05 14:30:27.809224','2023-10-05 14:30:27.809240');


-- Populate the low_stock_alerts table
INSERT INTO fosit_ecommerce_store.low_stock_alerts (id,product_id,alert_threshold,created_at,modified_at) VALUES
	 ('403894db-8150-4e32-a07c-4f0ffe051dc7','09c01e0d-7b17-4e3a-a2f5-6e328c361ea1',10,'2023-10-05 14:28:38.889902','2023-10-05 14:28:38.889934'),
	 ('8e9c1177-a9d3-4cd6-a0c3-03cea5f49176','38fe872d-1b1f-41a3-8896-02bde4f7e860',10,'2023-10-05 14:30:41.287348','2023-10-05 14:30:41.287372'),
	 ('e81c7d6e-af8b-4dc3-adaa-f2e52a734357','38fe872d-1b1f-41a3-8896-02bde4f7e860',10,'2023-10-05 14:30:42.359760','2023-10-05 14:30:42.359783'),
	 ('e92d5ceb-bd31-4d8a-8da6-14a4c94ecb80','38fe872d-1b1f-41a3-8896-02bde4f7e860',10,'2023-10-05 14:30:41.440813','2023-10-05 14:30:41.440835');
